# --------------------------------------------------------
# Host:                         127.0.0.1
# Server version:               5.5.29
# Server OS:                    Win64
# HeidiSQL version:             6.0.0.3603
# Date/time:                    2015-07-19 17:58:15
# --------------------------------------------------------

/*!40101 SET @OLD_CHARACTER_SET_CLIENT=@@CHARACTER_SET_CLIENT */;
/*!40101 SET NAMES utf8 */;
/*!40014 SET @OLD_FOREIGN_KEY_CHECKS=@@FOREIGN_KEY_CHECKS, FOREIGN_KEY_CHECKS=0 */;
/*!40101 SET @OLD_SQL_MODE=@@SQL_MODE, SQL_MODE='NO_AUTO_VALUE_ON_ZERO' */;

# Dumping structure for table forms.lc.documents
CREATE TABLE IF NOT EXISTS `documents` (
  `id` bigint(20) NOT NULL AUTO_INCREMENT,
  `user_id` bigint(20) NOT NULL,
  `name` varchar(200) NOT NULL,
  `city` varchar(200) NOT NULL,
  `area` varchar(200) NOT NULL,
  `amount` varchar(50) NOT NULL,
  `contribution` varchar(50) NOT NULL,
  `need` varchar(50) NOT NULL,
  `analysis` text NOT NULL,
  `datetime` datetime NOT NULL,
  `state` enum('Save','Inquiry','Access') NOT NULL DEFAULT 'Save',
  PRIMARY KEY (`id`)
) ENGINE=InnoDB AUTO_INCREMENT=92 DEFAULT CHARSET=utf8;

# Dumping data for table forms.lc.documents: ~91 rows (approximately)
DELETE FROM `documents`;
/*!40000 ALTER TABLE `documents` DISABLE KEYS */;
INSERT INTO `documents` (`id`, `user_id`, `name`, `city`, `area`, `amount`, `contribution`, `need`, `analysis`, `datetime`, `state`) VALUES
	(1, 1, 'Тестовая заявка1', 'Ташкент', 'Узбекистан', '2000', '2000', 'Нужно', 'Вот такой вот анализ', '2015-07-17 22:19:19', 'Save'),
	(2, 2, 'Тестовая заявка 21', 'Москва', 'Россия', '1000', '1000', 'Нужно', 'Область анализа', '2015-07-17 22:28:29', 'Save'),
	(3, 1, 'Тестовая заявка', 'Москва', 'Узбекистан', '1000', '1000', 'Нужно', 'a', '2015-07-17 22:47:52', 'Save'),
	(4, 1, 'Тестовая заявка', 'Ташкент', 'Россия', '1000', '1000', 'Нужно', 'a', '2015-07-17 22:48:07', 'Save'),
	(5, 1, 'Тестовая заявка', 'Москва', 'Россия', '2000', '2000', 'Нужно', 'as', '2015-07-17 22:48:23', 'Save'),
	(6, 1, 'Тестовая заявка', 'Москва', 'Россия', '1000', '1000', 'Нужно', '1', '2015-07-17 22:52:41', 'Save'),
	(7, 1, 'Тестовая заявка', 'Москва', 'Россия', '1000', '1000', 'Нужно', '1', '2015-07-17 22:52:41', 'Save'),
	(8, 1, 'Тестовая заявка', 'Москва', 'Россия', '1000', '1000', 'Нужно', '1', '2015-07-17 22:52:41', 'Save'),
	(9, 1, 'Тестовая заявка', 'Москва', 'Россия', '1000', '1000', 'Нужно', '1', '2015-07-17 22:52:41', 'Save'),
	(10, 1, 'Тестовая заявка', 'Москва', 'Россия', '1000', '1000', 'Нужно', '1', '2015-07-17 22:52:41', 'Save'),
	(11, 1, 'Тестовая заявка', 'Москва', 'Россия', '1000', '1000', 'Нужно', '1', '2015-07-17 22:52:41', 'Save'),
	(12, 1, 'Тестовая заявка', 'Москва', 'Россия', '1000', '1000', 'Нужно', '1', '2015-07-17 22:52:41', 'Save'),
	(13, 1, 'Тестовая заявка', 'Москва', 'Россия', '1000', '1000', 'Нужно', '1', '2015-07-17 22:52:41', 'Save'),
	(14, 1, 'Тестовая заявка', 'Москва', 'Россия', '1000', '1000', 'Нужно', '1', '2015-07-17 22:52:41', 'Save'),
	(15, 1, 'Тестовая заявка', 'Москва', 'Россия', '1000', '1000', 'Нужно', '1', '2015-07-17 22:52:41', 'Save'),
	(16, 1, 'Тестовая заявка', 'Москва', 'Россия', '1000', '1000', 'Нужно', '1', '2015-07-17 22:52:41', 'Save'),
	(17, 1, 'Тестовая заявка', 'Москва', 'Россия', '1000', '1000', 'Нужно', '1', '2015-07-17 22:52:41', 'Save'),
	(18, 1, 'Тестовая заявка', 'Москва', 'Россия', '1000', '1000', 'Нужно', '1', '2015-07-17 22:52:41', 'Save'),
	(19, 1, 'Тестовая заявка', 'Москва', 'Россия', '1000', '1000', 'Нужно', '1', '2015-07-17 22:52:41', 'Save'),
	(20, 1, 'Тестовая заявка', 'Москва', 'Россия', '1000', '1000', 'Нужно', '1', '2015-07-17 22:52:41', 'Save'),
	(21, 1, 'Тестовая заявка', 'Москва', 'Россия', '1000', '1000', 'Нужно', '1', '2015-07-17 22:52:41', 'Save'),
	(22, 1, 'Тестовая заявка', 'Москва', 'Россия', '1000', '1000', 'Нужно', '1', '2015-07-17 22:52:41', 'Save'),
	(23, 1, 'Тестовая заявка', 'Москва', 'Россия', '1000', '1000', 'Нужно', '1', '2015-07-17 22:52:41', 'Save'),
	(24, 1, 'Тестовая заявка', 'Москва', 'Россия', '1000', '1000', 'Нужно', '1', '2015-07-17 22:52:41', 'Save'),
	(25, 1, 'Тестовая заявка', 'Москва', 'Россия', '1000', '1000', 'Нужно', '1', '2015-07-17 22:52:41', 'Save'),
	(26, 1, 'Тестовая заявка', 'Москва', 'Россия', '1000', '1000', 'Нужно', '1', '2015-07-17 22:52:41', 'Save'),
	(27, 1, 'Тестовая заявка', 'Москва', 'Россия', '1000', '1000', 'Нужно', '1', '2015-07-17 22:52:41', 'Save'),
	(28, 1, 'Тестовая заявка', 'Москва', 'Россия', '1000', '1000', 'Нужно', '1', '2015-07-17 22:52:41', 'Save'),
	(29, 1, 'Тестовая заявка', 'Москва', 'Россия', '1000', '1000', 'Нужно', '1', '2015-07-17 22:52:41', 'Save'),
	(30, 1, 'Тестовая заявка', 'Москва', 'Россия', '1000', '1000', 'Нужно', '1', '2015-07-17 22:52:41', 'Save'),
	(31, 1, 'Тестовая заявка', 'Москва', 'Россия', '1000', '1000', 'Нужно', '1', '2015-07-17 22:52:41', 'Save'),
	(32, 1, 'Тестовая заявка', 'Москва', 'Россия', '1000', '1000', 'Нужно', '1', '2015-07-17 22:52:41', 'Save'),
	(33, 1, 'Тестовая заявка', 'Москва', 'Россия', '1000', '1000', 'Нужно', '1', '2015-07-17 22:52:41', 'Save'),
	(34, 1, 'Тестовая заявка', 'Москва', 'Россия', '1000', '1000', 'Нужно', '1', '2015-07-17 22:52:41', 'Save'),
	(35, 1, 'Тестовая заявка', 'Москва', 'Россия', '1000', '1000', 'Нужно', '1', '2015-07-17 22:52:41', 'Save'),
	(36, 1, 'Тестовая заявка', 'Москва', 'Россия', '1000', '1000', 'Нужно', '1', '2015-07-17 22:52:41', 'Save'),
	(37, 1, 'Тестовая заявка', 'Москва', 'Россия', '1000', '1000', 'Нужно', '1', '2015-07-17 22:52:41', 'Save'),
	(38, 1, 'Тестовая заявка', 'Москва', 'Россия', '1000', '1000', 'Нужно', '1', '2015-07-17 22:52:41', 'Save'),
	(39, 1, 'Тестовая заявка', 'Москва', 'Россия', '1000', '1000', 'Нужно', '1', '2015-07-17 22:52:41', 'Save'),
	(40, 1, 'Тестовая заявка', 'Москва', 'Россия', '1000', '1000', 'Нужно', '1', '2015-07-17 22:52:41', 'Save'),
	(41, 1, 'Тестовая заявка', 'Москва', 'Россия', '1000', '1000', 'Нужно', '1', '2015-07-17 22:52:41', 'Save'),
	(42, 1, 'Тестовая заявка', 'Москва', 'Россия', '1000', '1000', 'Нужно', '1', '2015-07-17 22:52:41', 'Save'),
	(43, 1, 'Тестовая заявка', 'Москва', 'Россия', '1000', '1000', 'Нужно', '1', '2015-07-17 22:52:41', 'Save'),
	(44, 1, 'Тестовая заявка', 'Москва', 'Россия', '1000', '1000', 'Нужно', '1', '2015-07-17 22:52:41', 'Save'),
	(45, 1, 'Тестовая заявка', 'Москва', 'Россия', '1000', '1000', 'Нужно', '1', '2015-07-17 22:52:41', 'Save'),
	(46, 1, 'Тестовая заявка', 'Москва', 'Россия', '1000', '1000', 'Нужно', '1', '2015-07-17 22:52:41', 'Save'),
	(47, 1, 'Тестовая заявка', 'Москва', 'Россия', '1000', '1000', 'Нужно', '1', '2015-07-17 22:52:41', 'Save'),
	(48, 1, 'Тестовая заявка', 'Москва', 'Россия', '1000', '1000', 'Нужно', '1', '2015-07-17 22:52:41', 'Save'),
	(49, 1, 'Тестовая заявка', 'Москва', 'Россия', '1000', '1000', 'Нужно', '1', '2015-07-17 22:52:41', 'Save'),
	(50, 1, 'Тестовая заявка', 'Москва', 'Россия', '1000', '1000', 'Нужно', '1', '2015-07-17 22:52:41', 'Save'),
	(51, 1, 'Тестовая заявка', 'Москва', 'Россия', '1000', '1000', 'Нужно', '1', '2015-07-17 22:52:41', 'Save'),
	(52, 1, 'Тестовая заявка', 'Москва', 'Россия', '1000', '1000', 'Нужно', '1', '2015-07-17 22:52:41', 'Save'),
	(53, 1, 'Тестовая заявка', 'Москва', 'Россия', '1000', '1000', 'Нужно', '1', '2015-07-17 22:52:41', 'Save'),
	(54, 1, 'Тестовая заявка', 'Москва', 'Россия', '1000', '1000', 'Нужно', '1', '2015-07-17 22:52:41', 'Save'),
	(55, 1, 'Тестовая заявка', 'Москва', 'Россия', '1000', '1000', 'Нужно', '1', '2015-07-17 22:52:41', 'Save'),
	(56, 1, 'Тестовая заявка', 'Москва', 'Россия', '1000', '1000', 'Нужно', '1', '2015-07-17 22:52:41', 'Save'),
	(57, 1, 'Тестовая заявка', 'Москва', 'Россия', '1000', '1000', 'Нужно', '1', '2015-07-17 22:52:41', 'Save'),
	(58, 1, 'Тестовая заявка', 'Москва', 'Россия', '1000', '1000', 'Нужно', '1', '2015-07-17 22:52:41', 'Save'),
	(59, 1, 'Тестовая заявка', 'Москва', 'Россия', '1000', '1000', 'Нужно', '1', '2015-07-17 22:52:41', 'Save'),
	(60, 1, 'Тестовая заявка', 'Москва', 'Россия', '1000', '1000', 'Нужно', '1', '2015-07-17 22:52:41', 'Save'),
	(61, 1, 'Тестовая заявка', 'Москва', 'Россия', '1000', '1000', 'Нужно', '1', '2015-07-17 22:52:41', 'Save'),
	(62, 1, 'Тестовая заявка', 'Москва', 'Россия', '1000', '1000', 'Нужно', '1', '2015-07-17 22:52:41', 'Save'),
	(63, 1, 'Тестовая заявка', 'Москва', 'Россия', '1000', '1000', 'Нужно', '1', '2015-07-17 22:52:41', 'Save'),
	(64, 1, 'Тестовая заявка', 'Москва', 'Россия', '1000', '1000', 'Нужно', '1', '2015-07-17 22:52:41', 'Save'),
	(65, 1, 'Тестовая заявка', 'Москва', 'Россия', '1000', '1000', 'Нужно', '1', '2015-07-17 22:52:41', 'Save'),
	(66, 1, 'Тестовая заявка', 'Москва', 'Россия', '1000', '1000', 'Нужно', '1', '2015-07-17 22:52:41', 'Save'),
	(67, 1, 'Тестовая заявка', 'Москва', 'Россия', '1000', '1000', 'Нужно', '1', '2015-07-17 22:52:41', 'Save'),
	(68, 1, 'Тестовая заявка', 'Москва', 'Россия', '1000', '1000', 'Нужно', '1', '2015-07-17 22:52:41', 'Save'),
	(69, 1, 'Тестовая заявка', 'Москва', 'Россия', '1000', '1000', 'Нужно', '1', '2015-07-17 22:52:41', 'Save'),
	(70, 1, 'Тестовая заявка', 'Москва', 'Россия', '1000', '1000', 'Нужно', '1', '2015-07-17 22:52:41', 'Save'),
	(71, 1, 'Тестовая заявка', 'Москва', 'Россия', '1000', '1000', 'Нужно', '1', '2015-07-17 22:52:41', 'Save'),
	(72, 1, 'Тестовая заявка', 'Москва', 'Россия', '1000', '1000', 'Нужно', '1', '2015-07-17 22:52:41', 'Save'),
	(73, 1, 'Тестовая заявка', 'Москва', 'Россия', '1000', '1000', 'Нужно', '1', '2015-07-17 22:52:41', 'Save'),
	(74, 1, 'Тестовая заявка', 'Москва', 'Россия', '1000', '1000', 'Нужно', '1', '2015-07-17 22:52:41', 'Save'),
	(75, 1, 'Тестовая заявка', 'Москва', 'Россия', '1000', '1000', 'Нужно', '1', '2015-07-17 22:52:41', 'Save'),
	(76, 1, 'Тестовая заявка', 'Москва', 'Россия', '1000', '1000', 'Нужно', '1', '2015-07-17 22:52:41', 'Save'),
	(77, 1, 'Тестовая заявка', 'Москва', 'Россия', '1000', '1000', 'Нужно', '1', '2015-07-17 22:52:41', 'Save'),
	(78, 1, 'Тестовая заявка', 'Москва', 'Россия', '1000', '1000', 'Нужно', '1', '2015-07-17 22:52:41', 'Save'),
	(79, 1, 'Тестовая заявка', 'Москва', 'Россия', '1000', '1000', 'Нужно', '1', '2015-07-17 22:52:41', 'Save'),
	(80, 1, 'Тестовая заявка', 'Москва', 'Россия', '1000', '1000', 'Нужно', '1', '2015-07-17 22:52:41', 'Save'),
	(81, 1, 'Тестовая заявка', 'Москва', 'Россия', '1000', '1000', 'Нужно', '1', '2015-07-17 22:52:41', 'Save'),
	(82, 1, 'Тестовая заявка', 'Москва', 'Россия', '1000', '1000', 'Нужно', '1', '2015-07-17 22:52:41', 'Save'),
	(83, 1, 'Тестовая заявка', 'Москва', 'Россия', '1000', '1000', 'Нужно', '1', '2015-07-17 22:52:41', 'Save'),
	(84, 1, 'Тестовая заявка', 'Москва', 'Россия', '1000', '1000', 'Нужно', '1', '2015-07-17 22:52:41', 'Save'),
	(85, 1, 'Тестовая заявка', 'Москва', 'Россия', '1000', '1000', 'Нужно', '1', '2015-07-17 22:52:41', 'Save'),
	(86, 1, 'Тестовая заявка', 'Москва', 'Россия', '1000', '1000', 'Нужно', '1', '2015-07-17 22:52:41', 'Save'),
	(87, 1, 'Тестовая заявка', 'Москва', 'Россия', '1000', '1000', 'Нужно', '1', '2015-07-17 22:52:41', 'Save'),
	(88, 2, '1', '1', '1', '1', '1', '1', '1', '2015-07-18 15:23:49', 'Save'),
	(89, 2, '2', '2', '2', '2', '2', '2', '2', '2015-07-18 15:24:43', 'Save'),
	(90, 2, '3', '3', '3', '3', '3', '3', '3', '2015-07-18 15:33:23', 'Save'),
	(91, 2, '1', '1', '1', '1', '1', '1', '1', '2015-07-19 17:46:14', 'Save');
/*!40000 ALTER TABLE `documents` ENABLE KEYS */;


# Dumping structure for table forms.lc.requests
CREATE TABLE IF NOT EXISTS `requests` (
  `id` bigint(20) NOT NULL AUTO_INCREMENT,
  `user_id` int(20) NOT NULL,
  `doc_id` bigint(20) NOT NULL,
  `comment` text NOT NULL,
  `state` enum('WAIT','DONE') NOT NULL DEFAULT 'WAIT',
  `state_time` datetime NOT NULL,
  PRIMARY KEY (`id`),
  KEY `user` (`user_id`),
  KEY `documents` (`doc_id`),
  CONSTRAINT `user` FOREIGN KEY (`user_id`) REFERENCES `user` (`id`) ON DELETE NO ACTION ON UPDATE NO ACTION,
  CONSTRAINT `documents` FOREIGN KEY (`doc_id`) REFERENCES `documents` (`id`) ON DELETE NO ACTION ON UPDATE NO ACTION
) ENGINE=InnoDB AUTO_INCREMENT=6 DEFAULT CHARSET=utf8;

# Dumping data for table forms.lc.requests: ~5 rows (approximately)
DELETE FROM `requests`;
/*!40000 ALTER TABLE `requests` DISABLE KEYS */;
INSERT INTO `requests` (`id`, `user_id`, `doc_id`, `comment`, `state`, `state_time`) VALUES
	(1, 2, 2, 'asd', 'DONE', '2015-07-18 15:58:31'),
	(2, 2, 2, 'asdqwe', 'DONE', '2015-07-18 16:03:38'),
	(3, 2, 2, 'asd', 'DONE', '2015-07-18 16:20:40'),
	(4, 2, 88, 'zxc', 'DONE', '2015-07-19 12:44:54'),
	(5, 2, 91, 'asd', 'DONE', '2015-07-19 17:50:23'),
	(6, 2, 88, '1', 'DONE', '2015-07-19 17:55:44'),
	(7, 2, 89, '2', 'DONE', '2015-07-19 17:55:55');
/*!40000 ALTER TABLE `requests` ENABLE KEYS */;


# Dumping structure for table forms.lc.user
CREATE TABLE IF NOT EXISTS `user` (
  `id` int(11) NOT NULL AUTO_INCREMENT,
  `login` varchar(128) NOT NULL,
  `realName` varchar(128) NOT NULL,
  `password` varchar(128) NOT NULL,
  `email` varchar(128) NOT NULL,
  `role` varchar(50) NOT NULL DEFAULT 'user',
  PRIMARY KEY (`id`),
  UNIQUE KEY `login` (`login`)
) ENGINE=InnoDB AUTO_INCREMENT=7 DEFAULT CHARSET=utf8;

# Dumping data for table forms.lc.user: ~5 rows (approximately)
DELETE FROM `user`;
/*!40000 ALTER TABLE `user` DISABLE KEYS */;
INSERT INTO `user` (`id`, `login`, `realName`, `password`, `email`, `role`) VALUES
	(1, 'admin', '', '21232f297a57a5a743894a0e4a801fc3', 'admin@localhost', 'administrator'),
	(2, 'user', '1', 'ee11cbb19052e40b07aac0ca060c23ee', 'user@localhost', 'user'),
	(3, 'user2', 'user', 'ee11cbb19052e40b07aac0ca060c23ee', 'user@mail', 'user'),
	(4, 'user3', 'user3', 'ee11cbb19052e40b07aac0ca060c23ee', 'user@mail', 'user'),
	(6, 'user5', 'asd', '0a791842f52a0acfbb3a783378c066b8', 'qwe@main', 'user');
/*!40000 ALTER TABLE `user` ENABLE KEYS */;
/*!40101 SET SQL_MODE=@OLD_SQL_MODE */;
/*!40014 SET FOREIGN_KEY_CHECKS=@OLD_FOREIGN_KEY_CHECKS */;
/*!40101 SET CHARACTER_SET_CLIENT=@OLD_CHARACTER_SET_CLIENT */;
